mutation,exp_id,site_id,biosensor,signal_col,jump_threshold_theta,p_exposed,p_unexposed,risk_difference,RR,n_nodes,n_spatial_edges
AKT1_E17K,1,5,ERKKTR_ratio,ERKKTR_ratio,0.022628,0.1552724503836169,0.0963895270360868,0.05888292334753,1.6108850739093796,448311,3863383
AKT1_E17K,1,5,FoxO3A_ratio,FoxO3A_ratio,0.04655,0.1525099463902934,0.1186896491245164,0.033820297265777,1.2849473186182931,448311,3863383
AKT1_E17K,1,6,ERKKTR_ratio,ERKKTR_ratio,0.021569,0.1668416197474313,0.0837475284343425,0.0830940913130888,1.9921975354560348,440567,3882605
AKT1_E17K,1,6,FoxO3A_ratio,FoxO3A_ratio,0.0445599999999999,0.1581208665521505,0.1122291629834796,0.0458917035686708,1.4089106819359083,440567,3882605
AKT1_E17K,1,7,ERKKTR_ratio,ERKKTR_ratio,0.0233687,0.1716583244440797,0.0733681812089532,0.0982901432351265,2.339683519688124,382261,2803597
AKT1_E17K,1,7,FoxO3A_ratio,FoxO3A_ratio,0.0422405,0.1620447765205472,0.1123347568619856,0.0497100196585615,1.4425168224615932,382261,2803597
AKT1_E17K,1,8,ERKKTR_ratio,ERKKTR_ratio,0.024454,0.1635904912574577,0.0784573219149426,0.0851331693425151,2.0850889026623913,427664,3530879
AKT1_E17K,1,8,FoxO3A_ratio,FoxO3A_ratio,0.04449,0.1576687583020631,0.1133014822981746,0.0443672760038884,1.3915860155044348,427664,3530879
AKT1_E17K,2,7,ERKKTR_ratio,ERKKTR_ratio,0.0166562999999999,0.1579934535252247,0.1055939038570969,0.0523995496681277,1.496236503757277,394565,3036790
AKT1_E17K,2,7,FoxO3A_ratio,FoxO3A_ratio,0.0386200000000001,0.1534656457787628,0.1211762605524241,0.0322893852263386,1.2664662622789007,394565,3036790
AKT1_E17K,2,8,ERKKTR_ratio,ERKKTR_ratio,0.016472,0.1473904974325257,0.1210476063593569,0.0263428910731688,1.2176242212916135,300301,1691155
AKT1_E17K,2,8,FoxO3A_ratio,FoxO3A_ratio,0.0397589999999997,0.1475804739429374,0.1295610074280669,0.0180194665148704,1.139080938567686,300301,1691155
AKT1_E17K,3,5,ERKKTR_ratio,ERKKTR_ratio,0.0195619999999999,0.1528554597615594,0.0935332415446557,0.0593222182169036,1.6342367401923232,465350,4160606
AKT1_E17K,3,5,FoxO3A_ratio,FoxO3A_ratio,0.0417899999999999,0.1501041529538397,0.1235198671019335,0.0265842858519061,1.2152227530326576,465350,4160606
AKT1_E17K,3,6,ERKKTR_ratio,ERKKTR_ratio,0.0205629999999999,0.1447000270206664,0.1010726206293139,0.0436274063913524,1.4316441596122942,445467,3845735
AKT1_E17K,3,6,FoxO3A_ratio,FoxO3A_ratio,0.0425199999999998,0.1487422829370813,0.1264447538035481,0.0222975291335331,1.1763420661024486,445467,3845735
AKT1_E17K,3,7,ERKKTR_ratio,ERKKTR_ratio,0.0182078,0.148992734358588,0.1041365285028408,0.0448562058557471,1.430744201872674,328835,2067914
AKT1_E17K,3,7,FoxO3A_ratio,FoxO3A_ratio,0.04227,0.1541398479645205,0.1234777095130856,0.0306621384514347,1.2483212441528593,328835,2067914
AKT1_E17K,3,8,ERKKTR_ratio,ERKKTR_ratio,0.018011,0.1460894916973,0.1070614204054433,0.0390280712918566,1.3645390762055714,334088,2114751
AKT1_E17K,3,8,FoxO3A_ratio,FoxO3A_ratio,0.04149,0.1530628597374501,0.125896509445222,0.027166350292228,1.2157831890013455,334088,2114751
AKT1_E17K,4,5,ERKKTR_ratio,ERKKTR_ratio,0.0195769999999999,0.1473425372468552,0.1120497506930782,0.0352927865537769,1.314974253271204,378095,2725492
AKT1_E17K,4,5,FoxO3A_ratio,FoxO3A_ratio,0.0418799999999999,0.1509834557322431,0.1247955310021295,0.0261879247301135,1.2098466549228164,378095,2725492
AKT1_E17K,4,6,ERKKTR_ratio,ERKKTR_ratio,0.0191852,0.1475520719358625,0.111002208999184,0.0365498629366784,1.3292714916776756,402064,3127080
AKT1_E17K,4,6,FoxO3A_ratio,FoxO3A_ratio,0.0427899999999999,0.1521390153884952,0.1233362774479121,0.0288027379405831,1.233530138387282,402064,3127080
AKT1_E17K,4,7,ERKKTR_ratio,ERKKTR_ratio,0.0197239999999999,0.1447180155185058,0.1129157573328186,0.0318022581856871,1.281645883062628,397064,3059891
AKT1_E17K,4,7,FoxO3A_ratio,FoxO3A_ratio,0.0413930000000001,0.150550672933348,0.1234897969517443,0.0270608759816036,1.2191345086766814,397064,3059891
AKT1_E17K,4,8,ERKKTR_ratio,ERKKTR_ratio,0.0196487999999999,0.1423308942354984,0.1123854558270676,0.0299454384084307,1.2664529692748594,403542,3133585
AKT1_E17K,4,8,FoxO3A_ratio,FoxO3A_ratio,0.0393499999999999,0.1527458840929436,0.1252083354377317,0.0275375486552119,1.2199338291571395,403542,3133585
AKT1_E17K,5,6,ERKKTR_ratio,ERKKTR_ratio,0.0197843999999999,0.1603177199599723,0.0861064764999803,0.0742112434599919,1.8618543746823597,437409,3693628
AKT1_E17K,5,6,FoxO3A_ratio,FoxO3A_ratio,0.0410208,0.1555715537205853,0.1182727593592712,0.037298794361314,1.315362510889032,437409,3693628
AKT1_E17K,5,7,ERKKTR_ratio,ERKKTR_ratio,0.0240413,0.154818901373064,0.0694961917967886,0.0853227095762754,2.227732158702516,476471,4431438
AKT1_E17K,5,7,FoxO3A_ratio,FoxO3A_ratio,0.0401399999999998,0.1566582201883438,0.11333531389553,0.0433229062928137,1.3822542577748351,476471,4431438
AKT1_E17K,5,8,ERKKTR_ratio,ERKKTR_ratio,0.0206279999999999,0.1495609885413667,0.0932351894480307,0.0563257990933359,1.6041259681756956,440774,3786785
AKT1_E17K,5,8,FoxO3A_ratio,FoxO3A_ratio,0.0439082,0.1553142102685321,0.1176721898834347,0.0376420203850974,1.3198888405356042,440774,3786785
AKT1_E17K,6,5,ERKKTR_ratio,ERKKTR_ratio,0.0218336,0.1469897620198115,0.1030290970595417,0.0439606649602697,1.426682036579087,486018,4612961
AKT1_E17K,6,5,FoxO3A_ratio,FoxO3A_ratio,0.0451699999999999,0.1531458112692742,0.1216592038482115,0.0314866074210626,1.2588099085404754,486018,4612961
AKT1_E17K,6,6,ERKKTR_ratio,ERKKTR_ratio,0.0198436,0.1477054063941693,0.1133920081917253,0.0343133982024439,1.3026086119263909,415558,3316900
AKT1_E17K,6,6,FoxO3A_ratio,FoxO3A_ratio,0.04526,0.151484243267954,0.1254339203153028,0.0260503229526512,1.2076816453409784,415558,3316900
AKT1_E17K,6,7,ERKKTR_ratio,ERKKTR_ratio,0.0228998999999999,0.1480986592820671,0.0963148648069589,0.0517837944751082,1.5376511152135968,543204,5691873
AKT1_E17K,6,7,FoxO3A_ratio,FoxO3A_ratio,0.04316,0.1512278468290395,0.120331370860773,0.0308964759682664,1.2567616054504571,543204,5691873
AKT1_E17K,6,8,ERKKTR_ratio,ERKKTR_ratio,0.0217016,0.1507410815124255,0.1036758585748923,0.0470652229375331,1.4539651138122445,450391,3883648
AKT1_E17K,6,8,FoxO3A_ratio,FoxO3A_ratio,0.04512,0.1561447898592435,0.1194246326169163,0.0367201572423271,1.3074755721469626,450391,3883648
PTEN_del,1,17,ERKKTR_ratio,ERKKTR_ratio,0.0740893,0.1274034620505992,0.0809875075897528,0.0464159544608463,1.5731248663185091,211139,830047
PTEN_del,1,17,FoxO3A_ratio,FoxO3A_ratio,0.04617,0.142072889435645,0.1053939182391228,0.0366789711965222,1.348017910419681,211139,830047
PTEN_del,1,18,ERKKTR_ratio,ERKKTR_ratio,0.0592399999999999,0.1265799281157575,0.0764275273481705,0.0501524007675869,1.6562086005885617,245063,1156001
PTEN_del,1,18,FoxO3A_ratio,FoxO3A_ratio,0.0433400000000001,0.1411075238629983,0.1093467021776594,0.0317608216853389,1.2904598040253286,245063,1156001
PTEN_del,1,19,ERKKTR_ratio,ERKKTR_ratio,0.0474887999999999,0.1298296375745179,0.0762309624202207,0.0535986751542972,1.703108992102661,253786,1194606
PTEN_del,1,19,FoxO3A_ratio,FoxO3A_ratio,0.0453799999999999,0.1550568575322267,0.105147810841085,0.0499090466911416,1.4746560702682776,253786,1194606
PTEN_del,1,20,ERKKTR_ratio,ERKKTR_ratio,0.0690699999999999,0.1305425143453312,0.077935857796438,0.0526066565488931,1.6749993909901826,251978,1181745
PTEN_del,1,20,FoxO3A_ratio,FoxO3A_ratio,0.0499499999999999,0.14816752735628,0.1055563682465379,0.042611159109742,1.4036815572341332,251978,1181745
PTEN_del,2,17,ERKKTR_ratio,ERKKTR_ratio,0.0692915,0.1211376029081578,0.0784732859331062,0.0426643169750515,1.5436795014729006,259141,1285857
PTEN_del,2,17,FoxO3A_ratio,FoxO3A_ratio,0.04377,0.135958418648606,0.1091052188449477,0.0268531998036583,1.246122047028934,259141,1285857
PTEN_del,2,18,ERKKTR_ratio,ERKKTR_ratio,0.0762384999999999,0.1212054906422767,0.083380727479538,0.0378247631627386,1.453639159864862,230317,997983
PTEN_del,2,18,FoxO3A_ratio,FoxO3A_ratio,0.0500199999999999,0.1352552207208384,0.105432556324978,0.0298226643958604,1.2828601092051404,230317,997983
PTEN_del,2,19,ERKKTR_ratio,ERKKTR_ratio,0.0830640000000001,0.1268040238553183,0.0836276120881554,0.0431764117671629,1.5162937298944852,243875,1113859
PTEN_del,2,19,FoxO3A_ratio,FoxO3A_ratio,0.0517499999999999,0.143607424433405,0.0967579608844268,0.0468494635489782,1.484192340565526,243875,1113859
PTEN_del,2,20,ERKKTR_ratio,ERKKTR_ratio,0.05935,0.1242839283997087,0.0773885466409069,0.0468953817588018,1.6059731548700944,237391,1072061
PTEN_del,2,20,FoxO3A_ratio,FoxO3A_ratio,0.04647,0.1408540005364937,0.1058715253866402,0.0349824751498535,1.3304238323014463,237391,1072061
PTEN_del,3,17,ERKKTR_ratio,ERKKTR_ratio,0.0797767999999999,0.1323259138247907,0.0843796704395091,0.0479462433852815,1.568220320552847,129534,340112
PTEN_del,3,17,FoxO3A_ratio,FoxO3A_ratio,0.0518199999999999,0.1392713408176233,0.1089143150739072,0.0303570257437161,1.2787239282835914,129534,340112
PTEN_del,3,18,ERKKTR_ratio,ERKKTR_ratio,0.0748899999999999,0.1277849687422544,0.0828712335843604,0.0449137351578939,1.5419701531554146,160202,513346
PTEN_del,3,18,FoxO3A_ratio,FoxO3A_ratio,0.0504060000000001,0.1463408768427887,0.1107476753694539,0.0355932014733347,1.3213900549568736,160202,513346
PTEN_del,3,19,ERKKTR_ratio,ERKKTR_ratio,0.0773819999999999,0.1312458593395864,0.0847592237978838,0.0464866355417025,1.5484551823239223,142000,398728
PTEN_del,3,19,FoxO3A_ratio,FoxO3A_ratio,0.0482599999999999,0.1455837196700584,0.1107720027210384,0.0348117169490199,1.3142645803442567,142000,398728
PTEN_del,3,20,ERKKTR_ratio,ERKKTR_ratio,0.0850351,0.1290656887755102,0.0829855867609082,0.0460801020146019,1.5552783780075503,136999,352872
PTEN_del,3,20,FoxO3A_ratio,FoxO3A_ratio,0.0495782,0.1484947111472742,0.1045180134507874,0.0439766976964867,1.4207571139609665,136999,352872
PTEN_del,4,17,ERKKTR_ratio,ERKKTR_ratio,0.0664449999999999,0.1350407768049532,0.0789125303049636,0.0561282464999895,1.7112716609526726,162055,509482
PTEN_del,4,17,FoxO3A_ratio,FoxO3A_ratio,0.0407599999999999,0.1521029518822065,0.1139932369090665,0.0381097149731399,1.3343155787701724,162055,509482
PTEN_del,4,18,ERKKTR_ratio,ERKKTR_ratio,0.0711491999999999,0.1356102701666986,0.0793836798682481,0.0562265902984504,1.7082890386508778,168050,578566
PTEN_del,4,18,FoxO3A_ratio,FoxO3A_ratio,0.0456299999999998,0.1567629100693366,0.1133085563953731,0.0434543536739635,1.3835046095048298,168050,578566
PTEN_del,4,19,ERKKTR_ratio,ERKKTR_ratio,0.0696542,0.1353062580893413,0.0802011953792961,0.0551050627100451,1.6870853040211722,140518,392382
PTEN_del,4,19,FoxO3A_ratio,FoxO3A_ratio,0.0430055999999999,0.1628912071535022,0.113080547453444,0.0498106597000582,1.440488314053888,140518,392382
PTEN_del,4,20,ERKKTR_ratio,ERKKTR_ratio,0.077179,0.1274565854355749,0.0819221181122668,0.0455344673233081,1.5558262941994156,132683,378523
PTEN_del,4,20,FoxO3A_ratio,FoxO3A_ratio,0.04312,0.1640226540254701,0.1134585600254159,0.0505640940000541,1.4456613409224237,132683,378523
PTEN_del,5,17,ERKKTR_ratio,ERKKTR_ratio,0.0813400000000001,0.1260042197516838,0.089722201293739,0.0362820184579448,1.4043817241973602,284402,1524107
PTEN_del,5,17,FoxO3A_ratio,FoxO3A_ratio,0.0572300000000001,0.1478055857816467,0.1055983735541746,0.042207212227472,1.3996956658221509,284402,1524107
PTEN_del,5,18,ERKKTR_ratio,ERKKTR_ratio,0.0806580000000001,0.1304522740747014,0.0871303736168601,0.0433219004578413,1.4972077894253213,279271,1470499
PTEN_del,5,18,FoxO3A_ratio,FoxO3A_ratio,0.0595399999999999,0.1524733758820116,0.1054212849379107,0.0470520909441009,1.4463243923825526,279271,1470499
PTEN_del,5,20,ERKKTR_ratio,ERKKTR_ratio,0.0681734999999998,0.1274320534515496,0.0879176966264023,0.0395143568251472,1.449447134551985,325717,2025409
PTEN_del,5,20,FoxO3A_ratio,FoxO3A_ratio,0.0528818000000001,0.1477808369250284,0.1033582748126714,0.0444225621123569,1.4297920238400774,325717,2025409
PTEN_del,6,17,ERKKTR_ratio,ERKKTR_ratio,0.0645054,0.1232178290585728,0.084229485617418,0.0389883434411547,1.4628823642381628,297626,1694129
PTEN_del,6,17,FoxO3A_ratio,FoxO3A_ratio,0.05125,0.1488718857432162,0.1091941883367111,0.0396776974065051,1.3633682159361358,297626,1694129
PTEN_del,6,18,ERKKTR_ratio,ERKKTR_ratio,0.0785990999999999,0.1184790383239888,0.0869249696681067,0.0315540686558821,1.363003504934894,263064,1346879
PTEN_del,6,18,FoxO3A_ratio,FoxO3A_ratio,0.0614599999999998,0.1410672094426658,0.1025741855470522,0.0384930238956136,1.3752700905234714,263064,1346879
PTEN_del,6,19,ERKKTR_ratio,ERKKTR_ratio,0.0772975999999999,0.1186730466912228,0.0879219597590611,0.0307510869321617,1.3497543391483895,260801,1336441
PTEN_del,6,19,FoxO3A_ratio,FoxO3A_ratio,0.0660199999999999,0.138521690560417,0.1057499558258135,0.0327717347346034,1.3098983302516325,260801,1336441
PTEN_del,6,20,ERKKTR_ratio,ERKKTR_ratio,0.0706200000000001,0.1166945724180247,0.0842171874239416,0.032477384994083,1.385638442549676,281048,1515488
PTEN_del,6,20,FoxO3A_ratio,FoxO3A_ratio,0.0532292999999999,0.1450225167502654,0.1073366085357051,0.0376859082145603,1.3511002325178203,281048,1515488
PTEN_del,6,21,ERKKTR_ratio,ERKKTR_ratio,0.0645306,0.1306111814188937,0.0817248685230007,0.048886312895893,1.5981816034630192,199575,770048
PTEN_del,6,21,FoxO3A_ratio,FoxO3A_ratio,0.0433975999999999,0.1531448959884777,0.1103079233946676,0.04283697259381,1.3883399421866085,199575,770048
PTEN_del,6,22,ERKKTR_ratio,ERKKTR_ratio,0.076808,0.1380766615368097,0.0781624601211938,0.0599142014156158,1.7665342329644775,133887,369683
PTEN_del,6,22,FoxO3A_ratio,FoxO3A_ratio,0.0464015999999999,0.1712906003937007,0.1035265104808877,0.0677640899128129,1.6545578480144276,133887,369683
PTEN_del,6,23,ERKKTR_ratio,ERKKTR_ratio,0.0660699999999999,0.1318048032450347,0.0829054146071826,0.0488993886378521,1.5898214111773543,165260,555338
PTEN_del,6,23,FoxO3A_ratio,FoxO3A_ratio,0.04759,0.1532899335896539,0.1071691607244484,0.0461207728652054,1.4303548945744795,165260,555338
PTEN_del,6,24,ERKKTR_ratio,ERKKTR_ratio,0.0739699999999999,0.1304876861676238,0.0837098951870322,0.0467777909805916,1.5588083807305753,169225,567053
PTEN_del,6,24,FoxO3A_ratio,FoxO3A_ratio,0.05871,0.1787275790730906,0.0948683156500841,0.0838592634230064,1.8839543829608616,169225,567053
WT,1,1,ERKKTR_ratio,ERKKTR_ratio,0.0365427999999999,0.131455463101896,0.0748671504485457,0.0565883126533502,1.7558496926130764,356632,2389504
WT,1,1,FoxO3A_ratio,FoxO3A_ratio,0.0348700000000001,0.1539764144047561,0.1153670296782775,0.0386093847264785,1.3346656738424147,356632,2389504
WT,1,2,ERKKTR_ratio,ERKKTR_ratio,0.0332984999999999,0.1246652603862782,0.0704848569381051,0.0541804034481731,1.7686814700603086,341603,2188412
WT,1,2,FoxO3A_ratio,FoxO3A_ratio,0.0326900000000001,0.1485201910269322,0.1231925753071423,0.0253276157197898,1.2055936866052468,341603,2188412
WT,1,3,ERKKTR_ratio,ERKKTR_ratio,0.0358367,0.1188891171837545,0.0730114986220659,0.0458776185616885,1.6283615516395276,356470,2385276
WT,1,3,FoxO3A_ratio,FoxO3A_ratio,0.0341800000000001,0.1554130221174655,0.1147321639390711,0.0406808581783943,1.354572395235202,356470,2385276
WT,1,4,ERKKTR_ratio,ERKKTR_ratio,0.03862,0.1296144787405479,0.0689074311664097,0.0607070475741381,1.8809942055093027,378022,2702454
WT,1,4,FoxO3A_ratio,FoxO3A_ratio,0.0353999999999998,0.1582212404940876,0.1070907514155996,0.0511304890784879,1.477450091652265,378022,2702454
WT,2,1,ERKKTR_ratio,ERKKTR_ratio,0.0319799999999999,0.1250942337963102,0.0744643272135719,0.0506299065827383,1.6799216279430844,380961,2709809
WT,2,1,FoxO3A_ratio,FoxO3A_ratio,0.0336400000000001,0.1527630484084123,0.1188047978567949,0.0339582505516173,1.2858323162381875,380961,2709809
WT,2,2,ERKKTR_ratio,ERKKTR_ratio,0.0301299999999999,0.1293443971646662,0.0791289566775394,0.0502154404871268,1.634602585394385,401211,3043438
WT,2,2,FoxO3A_ratio,FoxO3A_ratio,0.0333100000000001,0.1502999886610695,0.1195442859303322,0.0307557027307372,1.2572745530360274,401211,3043438
WT,2,3,ERKKTR_ratio,ERKKTR_ratio,0.0308999999999999,0.1303239649317015,0.073683910962705,0.0566400539689964,1.7686895718342734,357176,2406605
WT,2,3,FoxO3A_ratio,FoxO3A_ratio,0.03305,0.151038062283737,0.118661503724493,0.032376558559244,1.272848038690084,357176,2406605
WT,2,4,ERKKTR_ratio,ERKKTR_ratio,0.0270494,0.1303786455649205,0.0803780673517959,0.0500005782131246,1.6220674353152065,399785,3017124
WT,2,4,FoxO3A_ratio,FoxO3A_ratio,0.03315,0.1480188882998566,0.1235941875232708,0.0244247007765858,1.1976201410926957,399785,3017124
WT,3,1,ERKKTR_ratio,ERKKTR_ratio,0.0690007,0.1182273723770748,0.0749094761072943,0.0433178962697804,1.578269913511815,304919,1747102
WT,3,1,FoxO3A_ratio,FoxO3A_ratio,0.0353099999999999,0.1508686836560251,0.1116637083179834,0.0392049753380417,1.3510986329273444,304919,1747102
WT,3,2,ERKKTR_ratio,ERKKTR_ratio,0.0584513999999999,0.1218609279341575,0.0705571812717494,0.051303746662408,1.7271229623645643,320890,1953178
WT,3,2,FoxO3A_ratio,FoxO3A_ratio,0.03489,0.1551511008987522,0.1106530109180546,0.0444980899806976,1.4021407968161952,320890,1953178
WT,3,3,ERKKTR_ratio,ERKKTR_ratio,0.078952,0.1247285207899623,0.0728445857490181,0.0518839350409441,1.7122552006776082,281357,1469571
WT,3,3,FoxO3A_ratio,FoxO3A_ratio,0.03621,0.1579385415302897,0.1044701673517827,0.0534683741785069,1.5118051931367429,281357,1469571
WT,3,4,ERKKTR_ratio,ERKKTR_ratio,0.0630969999999999,0.1224755929933387,0.0703999384625528,0.0520756545307859,1.7397116484481878,267122,1340888
WT,3,4,FoxO3A_ratio,FoxO3A_ratio,0.03336,0.1550389159979029,0.1149320566412995,0.0401068593566034,1.348961469312048,267122,1340888
WT,4,1,ERKKTR_ratio,ERKKTR_ratio,0.0549893999999999,0.1269130953215964,0.0699846770391324,0.0569284182824639,1.8134411801405037,240965,1069377
WT,4,1,FoxO3A_ratio,FoxO3A_ratio,0.03569,0.1608007119606958,0.1141577218789716,0.0466429900817241,1.4085837498682252,240965,1069377
WT,4,2,ERKKTR_ratio,ERKKTR_ratio,0.0603128,0.1229479967856732,0.0708975429254755,0.0520504538601977,1.734164425344204,255683,1229076
WT,4,2,FoxO3A_ratio,FoxO3A_ratio,0.0352000000000001,0.1576349370581134,0.1124807395993836,0.0451541974587298,1.4014393719276117,255683,1229076
WT,4,3,ERKKTR_ratio,ERKKTR_ratio,0.049695,0.1265694805699817,0.0697163074493656,0.0568531731206161,1.815493178004417,315834,1885004
WT,4,3,FoxO3A_ratio,FoxO3A_ratio,0.0362500000000001,0.1582528418670523,0.1133822779535373,0.0448705639135149,1.3957458319183038,315834,1885004
WT,4,4,ERKKTR_ratio,ERKKTR_ratio,0.0656167999999999,0.1313542609220203,0.068737704118409,0.0626165568036113,1.910949203304009,270715,1379532
WT,4,4,FoxO3A_ratio,FoxO3A_ratio,0.0370699999999999,0.1682916531660235,0.1071191700026055,0.0611724831634179,1.5710694282072013,270715,1379532
WT,5,1,ERKKTR_ratio,ERKKTR_ratio,0.0466829999999999,0.1261020618376717,0.0759452782719071,0.0501567835657646,1.6604332054217796,391640,2934020
WT,5,1,FoxO3A_ratio,FoxO3A_ratio,0.0373000000000001,0.1549973550815816,0.115057864081614,0.0399394909999676,1.3471252601355204,391640,2934020
WT,5,2,ERKKTR_ratio,ERKKTR_ratio,0.06308,0.1347918676612466,0.0737381107604364,0.0610537569008102,1.8279810300424484,401605,3094386
WT,5,2,FoxO3A_ratio,FoxO3A_ratio,0.0386976,0.1624659313462295,0.1063850439711906,0.0560808873750389,1.527150107586794,401605,3094386
WT,5,3,ERKKTR_ratio,ERKKTR_ratio,0.0458697,0.131451802969597,0.0764049575163704,0.0550468454532265,1.7204616983319727,366242,2549788
WT,5,3,FoxO3A_ratio,FoxO3A_ratio,0.0347599999999999,0.1564722700013946,0.1176952316202602,0.0387770383811344,1.329469918596594,366242,2549788
WT,5,4,ERKKTR_ratio,ERKKTR_ratio,0.0521731,0.1305846884120722,0.0729279517023621,0.0576567367097101,1.7905986026458311,340710,2172960
WT,5,4,FoxO3A_ratio,FoxO3A_ratio,0.0337899999999999,0.1601756856433983,0.1131589936319031,0.0470166920114952,1.4154923130938817,340710,2172960
WT,6,1,ERKKTR_ratio,ERKKTR_ratio,0.060816,0.1297936248996608,0.0727323281180307,0.05706129678163,1.784538296217198,249871,1186880
WT,6,1,FoxO3A_ratio,FoxO3A_ratio,0.03407,0.1567866974266386,0.1090456089519432,0.0477410884746953,1.4378084448658084,249871,1186880
WT,6,2,ERKKTR_ratio,ERKKTR_ratio,0.0433089999999999,0.1331577068195196,0.0767577411550454,0.0563999656644741,1.7347788615945596,292522,1612541
WT,6,2,FoxO3A_ratio,FoxO3A_ratio,0.0302581999999999,0.1558760719975594,0.1170137177826929,0.0388623542148665,1.3321179341300655,292522,1612541
WT,6,3,ERKKTR_ratio,ERKKTR_ratio,0.0494852,0.13814794653118,0.074930509739452,0.0632174367917279,1.8436808585921447,284116,1515115
WT,6,3,FoxO3A_ratio,FoxO3A_ratio,0.0321805000000001,0.1586960659035915,0.1136712838012809,0.0450247821023105,1.3960963630974943,284116,1515115
WT,6,4,ERKKTR_ratio,ERKKTR_ratio,0.0472000000000001,0.1325126778995583,0.078720667939126,0.0537920099604322,1.6833276618286452,318206,1917620
WT,6,4,FoxO3A_ratio,FoxO3A_ratio,0.0340699999999999,0.1588893798792164,0.1135145209564426,0.0453748589227737,1.3997273524167435,318206,1917620
PIK3CA_E545K,1,9,ERKKTR_ratio,ERKKTR_ratio,0.0460535,0.1399067868362123,0.0860221508539184,0.0538846359822938,1.6264041929595554,326279,1995173
PIK3CA_E545K,1,9,FoxO3A_ratio,FoxO3A_ratio,0.03769,0.1495129032941725,0.1119387633576215,0.0375741399365509,1.3356669201044251,326279,1995173
PIK3CA_E545K,1,10,ERKKTR_ratio,ERKKTR_ratio,0.0509575,0.1461828909500485,0.0832383279660978,0.0629445629839506,1.756196868942242,344904,2269778
PIK3CA_E545K,1,10,FoxO3A_ratio,FoxO3A_ratio,0.04169,0.157756542980869,0.1082111146448663,0.0495454283360027,1.4578589593001046,344904,2269778
PIK3CA_E545K,1,11,ERKKTR_ratio,ERKKTR_ratio,0.04979,0.1368357202035744,0.09022455291112,0.0466111672924543,1.516612892926949,343420,2219451
PIK3CA_E545K,1,11,FoxO3A_ratio,FoxO3A_ratio,0.0411399999999999,0.1541847308871735,0.1058831490619859,0.0483015818251875,1.4561781761601265,343420,2219451
PIK3CA_E545K,1,12,ERKKTR_ratio,ERKKTR_ratio,0.0464578999999999,0.1465622403337871,0.0859126837556327,0.0606495565781543,1.7059441508155424,316181,1910722
PIK3CA_E545K,1,12,FoxO3A_ratio,FoxO3A_ratio,0.0416499999999999,0.1571241988883151,0.1092422854479128,0.0478819134404022,1.4383093345592128,316181,1910722
PIK3CA_E545K,2,9,ERKKTR_ratio,ERKKTR_ratio,0.0471526999999999,0.1381756808357899,0.0878915149474017,0.0502841658883881,1.572116272184868,332850,2094248
PIK3CA_E545K,2,9,FoxO3A_ratio,FoxO3A_ratio,0.0401799999999998,0.154179873080916,0.11003559174613,0.044144281334786,1.4011818415684456,332850,2094248
PIK3CA_E545K,2,10,ERKKTR_ratio,ERKKTR_ratio,0.0446499999999998,0.1646297213550966,0.0763164984087411,0.0883132229463554,2.157196999177836,392635,3041442
PIK3CA_E545K,2,10,FoxO3A_ratio,FoxO3A_ratio,0.0462879,0.1730895292506275,0.0911618649938048,0.0819276642568227,1.8987054429216688,392635,3041442
PIK3CA_E545K,2,11,ERKKTR_ratio,ERKKTR_ratio,0.0474227000000001,0.1508784669055549,0.0805019793611605,0.0703764875443943,1.8742205856661032,336109,2126315
PIK3CA_E545K,2,11,FoxO3A_ratio,FoxO3A_ratio,0.0400100000000001,0.155591593845494,0.1123257618321427,0.0432658320133512,1.3851817366527797,336109,2126315
PIK3CA_E545K,2,12,ERKKTR_ratio,ERKKTR_ratio,0.0475599,0.1513033711370762,0.0809825188810201,0.0703208522560561,1.8683460730503056,340721,2177654
PIK3CA_E545K,2,12,FoxO3A_ratio,FoxO3A_ratio,0.0401930000000003,0.154319606087735,0.1141629901117001,0.0401566159760348,1.3517481097573258,340721,2177654
PIK3CA_E545K,3,9,ERKKTR_ratio,ERKKTR_ratio,0.0502472,0.1358266655890514,0.0855635793942877,0.0502630861947637,1.5874355251449344,364222,2499917
PIK3CA_E545K,3,9,FoxO3A_ratio,FoxO3A_ratio,0.0435100000000001,0.1536965322490875,0.1100266101738703,0.0436699220752171,1.396903276454736,364222,2499917
PIK3CA_E545K,3,10,ERKKTR_ratio,ERKKTR_ratio,0.0505200000000001,0.1390101419878296,0.0812615719820026,0.0577485700058269,1.7106504168860623,327947,2049681
PIK3CA_E545K,3,10,FoxO3A_ratio,FoxO3A_ratio,0.0412399999999999,0.157273411612413,0.1096573845839208,0.0476160270284921,1.4342254487389456,327947,2049681
PIK3CA_E545K,3,11,ERKKTR_ratio,ERKKTR_ratio,0.0542197000000001,0.1336018362132432,0.0862382314384459,0.0473636047747973,1.5492181829888745,316839,1881666
PIK3CA_E545K,3,11,FoxO3A_ratio,FoxO3A_ratio,0.0398799999999999,0.1507995005941726,0.1117353070735965,0.039064193520576,1.3496136945759298,316839,1881666
PIK3CA_E545K,3,12,ERKKTR_ratio,ERKKTR_ratio,0.0507299999999999,0.136191542247609,0.0835655557802427,0.0526259864673662,1.6297569133119858,324249,1999427
PIK3CA_E545K,3,12,FoxO3A_ratio,FoxO3A_ratio,0.03885,0.1527064597577236,0.1092751551134224,0.0434313046443012,1.3974490322088453,324249,1999427
PIK3CA_E545K,4,9,ERKKTR_ratio,ERKKTR_ratio,0.0558699999999998,0.1372913103672937,0.091339396859816,0.0459519135074776,1.5030897409800368,322014,1949455
PIK3CA_E545K,4,9,FoxO3A_ratio,FoxO3A_ratio,0.0461699999999998,0.1523180727781361,0.1129362668651818,0.0393818059129543,1.3487082316964358,322014,1949455
PIK3CA_E545K,4,10,ERKKTR_ratio,ERKKTR_ratio,0.0512319999999999,0.1354443129268705,0.0875821398483572,0.0478621730785133,1.5464832574470495,343744,2229930
PIK3CA_E545K,4,10,FoxO3A_ratio,FoxO3A_ratio,0.0450300000000001,0.1517801660136447,0.106860870248605,0.0449192957650397,1.4203530783582228,343744,2229930
PIK3CA_E545K,4,11,ERKKTR_ratio,ERKKTR_ratio,0.05224,0.1360338528892826,0.0895153553188808,0.0465184975704017,1.5196705906454675,342969,2219533
PIK3CA_E545K,4,11,FoxO3A_ratio,FoxO3A_ratio,0.0423,0.1497982328203585,0.1154995527963382,0.0342986800240203,1.2969594184013824,342969,2219533
PIK3CA_E545K,4,12,ERKKTR_ratio,ERKKTR_ratio,0.0542836999999999,0.1461027675030081,0.0846195215046854,0.0614832459983226,1.726584656885802,322312,1950538
PIK3CA_E545K,4,12,FoxO3A_ratio,FoxO3A_ratio,0.0394070000000001,0.1571088920589634,0.1096990038627927,0.0474098881961706,1.4321815743693451,322312,1950538
PIK3CA_E545K,5,9,ERKKTR_ratio,ERKKTR_ratio,0.0500074,0.1476357549454874,0.0883322434118665,0.0593035115336208,1.671368791768442,406733,3177843
PIK3CA_E545K,5,9,FoxO3A_ratio,FoxO3A_ratio,0.04952,0.1577076307121866,0.1046777918899966,0.05302983882219,1.5066006634713678,406733,3177843
PIK3CA_E545K,5,10,ERKKTR_ratio,ERKKTR_ratio,0.043633,0.1564987761042627,0.0873242819988081,0.0691744941054545,1.7921564600599715,397857,3045650
PIK3CA_E545K,5,10,FoxO3A_ratio,FoxO3A_ratio,0.0514799999999999,0.1600832442997402,0.1067246938103271,0.0533585504894131,1.499964427953692,397857,3045650
PIK3CA_E545K,5,11,ERKKTR_ratio,ERKKTR_ratio,0.0589428,0.152836629259764,0.0838974715037898,0.0689391577559741,1.8217072162044836,452890,4080369
PIK3CA_E545K,5,11,FoxO3A_ratio,FoxO3A_ratio,0.0587889999999998,0.1685513067446653,0.0857476776380779,0.0828036291065874,1.965666142657336,452890,4080369
PIK3CA_E545K,5,12,ERKKTR_ratio,ERKKTR_ratio,0.0478392,0.1569389341077344,0.0812680729591458,0.0756708611485886,1.931126559216299,362486,2528251
PIK3CA_E545K,5,12,FoxO3A_ratio,FoxO3A_ratio,0.0468897999999998,0.1623824600945685,0.1006330316207765,0.061749428473792,1.613609939790816,362486,2528251
PIK3CA_E545K,6,9,ERKKTR_ratio,ERKKTR_ratio,0.0531019999999999,0.1480342951216136,0.0890135497453799,0.0590207453762336,1.6630534962942205,359571,2472873
PIK3CA_E545K,6,9,FoxO3A_ratio,FoxO3A_ratio,0.0482499999999999,0.1534896302975653,0.1140093468101293,0.039480283487436,1.3462898840494748,359571,2472873
PIK3CA_E545K,6,10,ERKKTR_ratio,ERKKTR_ratio,0.0514013999999999,0.1546595730648317,0.0872692643734484,0.0673903086913832,1.7722112610346084,352780,2397174
PIK3CA_E545K,6,10,FoxO3A_ratio,FoxO3A_ratio,0.0471199999999999,0.161684943733265,0.1082254454432621,0.0534594982900029,1.4939642250586016,352780,2397174
PIK3CA_E545K,6,11,ERKKTR_ratio,ERKKTR_ratio,0.0537246,0.1456648008597216,0.0881612537228761,0.0575035471368454,1.6522541900050631,377309,2767397
PIK3CA_E545K,6,11,FoxO3A_ratio,FoxO3A_ratio,0.0474191999999998,0.1562741468349927,0.1079120656468442,0.0483620811881484,1.4481619446190508,377309,2767397
PIK3CA_E545K,6,12,ERKKTR_ratio,ERKKTR_ratio,0.0515745,0.1486972974783162,0.0818446064408969,0.0668526910374192,1.816824638110956,336184,2170408
PIK3CA_E545K,6,12,FoxO3A_ratio,FoxO3A_ratio,0.0414934999999999,0.1571471089585757,0.1088357720814662,0.0483113368771095,1.443892076595435,336184,2170408
PIK3CA_H1047R,1,13,ERKKTR_ratio,ERKKTR_ratio,0.1152954999999999,0.194909975380417,0.0685465431238875,0.1263634322565295,2.843469072220706,175850,551401
PIK3CA_H1047R,1,13,FoxO3A_ratio,FoxO3A_ratio,0.0842800000000001,0.1890629707743296,0.0868977077237505,0.102165263050579,2.175695720022493,175850,551401
PIK3CA_H1047R,1,14,ERKKTR_ratio,ERKKTR_ratio,0.0883530999999999,0.1672427838569761,0.0797629139625053,0.0874798698944707,2.0967486711379797,189333,683817
PIK3CA_H1047R,1,14,FoxO3A_ratio,FoxO3A_ratio,0.0727910000000001,0.1718413357956294,0.0983188810985154,0.0735224546971139,1.7477958849373452,189333,683817
PIK3CA_H1047R,1,15,ERKKTR_ratio,ERKKTR_ratio,0.1195719999999999,0.1766989552210402,0.0714805817816911,0.105218373439349,2.471985409417855,215976,862525
PIK3CA_H1047R,1,15,FoxO3A_ratio,FoxO3A_ratio,0.0900100000000001,0.1815449049211335,0.0833046273969456,0.0982402775241878,2.179289561623917,215976,862525
PIK3CA_H1047R,1,16,ERKKTR_ratio,ERKKTR_ratio,0.1108510000000001,0.1986549405069839,0.0682429917246513,0.1304119487823326,2.9109940154517577,170620,514753
PIK3CA_H1047R,1,16,FoxO3A_ratio,FoxO3A_ratio,0.0785095,0.204306101685594,0.0812942727536814,0.1230118289319125,2.5131672227960475,170620,514753
PIK3CA_H1047R,2,13,ERKKTR_ratio,ERKKTR_ratio,0.0788854,0.169452609973735,0.0776669393536098,0.0917856706201251,2.1817856012354775,221293,899122
PIK3CA_H1047R,2,13,FoxO3A_ratio,FoxO3A_ratio,0.0633999999999999,0.1718099568363005,0.0971240524482688,0.0746859043880317,1.7689743426615323,221293,899122
PIK3CA_H1047R,2,14,ERKKTR_ratio,ERKKTR_ratio,0.1240434999999999,0.1855094300410453,0.070510815828171,0.1149986142128743,2.630935805552389,188783,655592
PIK3CA_H1047R,2,14,FoxO3A_ratio,FoxO3A_ratio,0.09803,0.1969117340196146,0.0758039711092192,0.1211077629103954,2.597644043422237,188783,655592
PIK3CA_H1047R,2,15,ERKKTR_ratio,ERKKTR_ratio,0.1084660000000001,0.1869649990488872,0.0715472642505869,0.1154177347983002,2.6131676872236707,190699,669697
PIK3CA_H1047R,2,15,FoxO3A_ratio,FoxO3A_ratio,0.083364,0.1827139225613983,0.0865199161425576,0.0961940064188407,2.111813449522341,190699,669697
PIK3CA_H1047R,2,16,ERKKTR_ratio,ERKKTR_ratio,0.1470878,0.2113910601806177,0.0678491501844795,0.1435419099961382,3.115603653190241,158618,453272
PIK3CA_H1047R,2,16,FoxO3A_ratio,FoxO3A_ratio,0.1042980000000001,0.2248898449155188,0.0688316190916445,0.1560582258238743,3.2672461854499404,158618,453272
PIK3CA_H1047R,3,13,ERKKTR_ratio,ERKKTR_ratio,0.150889,0.2301850048685491,0.060507946125396,0.1696770587431531,3.804211175694448,194387,686917
PIK3CA_H1047R,3,13,FoxO3A_ratio,FoxO3A_ratio,0.1056776,0.2089698668535388,0.0714422372787428,0.137527629574796,2.92501851584254,194387,686917
PIK3CA_H1047R,3,14,ERKKTR_ratio,ERKKTR_ratio,0.1506500000000001,0.2174934112673851,0.0609572039765002,0.1565362072908848,3.567968953287811,198665,718054
PIK3CA_H1047R,3,14,FoxO3A_ratio,FoxO3A_ratio,0.0943399999999998,0.1960007545746085,0.078148599591934,0.1178521549826744,2.508052039295127,198665,718054
PIK3CA_H1047R,3,15,ERKKTR_ratio,ERKKTR_ratio,0.1472379999999998,0.2189398482517665,0.0599379611206545,0.159001887131112,3.6527743713377703,200187,735101
PIK3CA_H1047R,3,15,FoxO3A_ratio,FoxO3A_ratio,0.093244,0.1933032088790788,0.0785796903341131,0.1147235185449656,2.4599639939680644,200187,735101
PIK3CA_H1047R,3,16,ERKKTR_ratio,ERKKTR_ratio,0.1481080000000001,0.2259521519946382,0.0617051711637567,0.1642469808308814,3.661802531833082,187416,642612
PIK3CA_H1047R,3,16,FoxO3A_ratio,FoxO3A_ratio,0.105169,0.1985225112496089,0.0761763072556372,0.1223462039939716,2.606092608078185,187416,642612
PIK3CA_H1047R,4,13,ERKKTR_ratio,ERKKTR_ratio,0.1578689999999999,0.2269228639459549,0.0603033925029245,0.1666194714430303,3.763019865506733,193406,692199
PIK3CA_H1047R,4,13,FoxO3A_ratio,FoxO3A_ratio,0.10935,0.1990723562152133,0.0749105039724259,0.1241618522427874,2.65746918868001,193406,692199
PIK3CA_H1047R,4,14,ERKKTR_ratio,ERKKTR_ratio,0.1678924999999999,0.2288291982776296,0.0606463323717221,0.1681828659059075,3.773174556955186,188394,653374
PIK3CA_H1047R,4,14,FoxO3A_ratio,FoxO3A_ratio,0.1121399999999999,0.1987462947665095,0.0758917656008041,0.1228545291657053,2.61881237303041,188394,653374
PIK3CA_H1047R,4,15,ERKKTR_ratio,ERKKTR_ratio,0.1838608000000002,0.2372931345240045,0.0605170823035013,0.1767760522205032,3.921093441583115,179002,580816
PIK3CA_H1047R,4,15,FoxO3A_ratio,FoxO3A_ratio,0.12012,0.2115320053715308,0.0713049183989724,0.1402270869725584,2.966583653990677,179002,580816
PIK3CA_H1047R,4,16,ERKKTR_ratio,ERKKTR_ratio,0.1805815,0.2314449893197749,0.0621531631520532,0.1692918261677217,3.723784560305665,185508,627511
PIK3CA_H1047R,4,16,FoxO3A_ratio,FoxO3A_ratio,0.1168339999999999,0.2064165112774272,0.0735520193496812,0.132864491927746,2.8064016882538763,185508,627511
PIK3CA_H1047R,5,13,ERKKTR_ratio,ERKKTR_ratio,0.0908115,0.1923505125945168,0.0688722298775014,0.1234782827170153,2.792860241880335,201320,744776
PIK3CA_H1047R,5,13,FoxO3A_ratio,FoxO3A_ratio,0.06837,0.180089605734767,0.0965365585486531,0.0835530471861139,1.865506792890326,201320,744776
PIK3CA_H1047R,5,14,ERKKTR_ratio,ERKKTR_ratio,0.1004829999999999,0.1871279761904762,0.0710589731984489,0.1160690029920272,2.6334179593037077,211882,817357
PIK3CA_H1047R,5,14,FoxO3A_ratio,FoxO3A_ratio,0.07355,0.1745668791935107,0.0973626026531901,0.0772042765403205,1.7929561704027732,211882,817357
PIK3CA_H1047R,5,15,ERKKTR_ratio,ERKKTR_ratio,0.1186635,0.1924451018318352,0.0681456438856466,0.1242994579461886,2.824026465356645,206039,775792
PIK3CA_H1047R,5,15,FoxO3A_ratio,FoxO3A_ratio,0.09499,0.2001993065791932,0.074661751292186,0.1255375552870071,2.681417233245982,206039,775792
PIK3CA_H1047R,5,16,ERKKTR_ratio,ERKKTR_ratio,0.1054718,0.1864005482979916,0.0732360523615247,0.1131644959364668,2.5452020185063775,207961,802772
PIK3CA_H1047R,5,16,FoxO3A_ratio,FoxO3A_ratio,0.0880968000000001,0.1878304865522882,0.0820660673029275,0.1057644192493606,2.288771629069982,207961,802772
PIK3CA_H1047R,6,13,ERKKTR_ratio,ERKKTR_ratio,0.1645299999999998,0.2368022289568873,0.0596397420853344,0.1771624868715528,3.970544148532084,206242,800139
PIK3CA_H1047R,6,13,FoxO3A_ratio,FoxO3A_ratio,0.1303940000000003,0.2393754374110094,0.0589545220108613,0.1804209154001481,4.060340568394547,206242,800139
PIK3CA_H1047R,6,14,ERKKTR_ratio,ERKKTR_ratio,0.1676929999999999,0.2276814288762229,0.0646622428934986,0.1630191859827243,3.52108771190049,180948,607606
PIK3CA_H1047R,6,14,FoxO3A_ratio,FoxO3A_ratio,0.1349940000000001,0.2451835142055846,0.0620139863916189,0.1831695278139657,3.953680910903683,180948,607606
PIK3CA_H1047R,6,15,ERKKTR_ratio,ERKKTR_ratio,0.1571720000000001,0.2497541789577188,0.0558069856296697,0.193947193328049,4.475321075663639,193447,680904
PIK3CA_H1047R,6,15,FoxO3A_ratio,FoxO3A_ratio,0.10155,0.2424804027148188,0.0650542607381544,0.1774261419766643,3.727356209469666,193447,680904
PIK3CA_H1047R,6,16,ERKKTR_ratio,ERKKTR_ratio,0.1369020000000001,0.208274984086569,0.0628761708038035,0.1453988132827655,3.312462915982312,215604,869122
PIK3CA_H1047R,6,16,FoxO3A_ratio,FoxO3A_ratio,0.0979868,0.2015045674368619,0.0747362885513657,0.1267682788854962,2.6962078441769184,215604,869122
